{
  "info": {
    "name": "Landora Real Estate API",
    "description": "Complete API collection for Landora Real Estate Management System",
    "schema": "https://schema.getpostman.com/json/collection/v2.1.0/collection.json"
  },
  "variable": [
    {
      "key": "baseUrl",
      "value": "http://localhost:5000",
      "type": "string"
    },
    {
      "key": "token",
      "value": "",
      "type": "string"
    }
  ],
  "item": [
    {
      "name": "Authentication",
      "item": [
        {
          "name": "Register",
          "request": {
            "method": "POST",
            "header": [],
            "body": {
              "mode": "raw",
              "raw": "{\n  \"name\": \"John Doe\",\n  \"email\": \"john@example.com\",\n  \"phone\": \"+92 300 1234567\",\n  \"password\": \"password123\",\n  \"role\": \"user\"\n}",
              "options": {
                "raw": {
                  "language": "json"
                }
              }
            },
            "url": {
              "raw": "{{baseUrl}}/api/auth/register",
              "host": ["{{baseUrl}}"],
              "path": ["api", "auth", "register"]
            }
          }
        },
        {
          "name": "Login",
          "event": [
            {
              "listen": "test",
              "script": {
                "exec": [
                  "if (pm.response.code === 200) {",
                  "    const response = pm.response.json();",
                  "    pm.collectionVariables.set('token', response.data.token);",
                  "}"
                ]
              }
            }
          ],
          "request": {
            "method": "POST",
            "header": [],
            "body": {
              "mode": "raw",
              "raw": "{\n  \"email\": \"admin@landora.com\",\n  \"password\": \"admin123\"\n}",
              "options": {
                "raw": {
                  "language": "json"
                }
              }
            },
            "url": {
              "raw": "{{baseUrl}}/api/auth/login",
              "host": ["{{baseUrl}}"],
              "path": ["api", "auth", "login"]
            }
          }
        },
        {
          "name": "Get Me",
          "request": {
            "method": "GET",
            "header": [
              {
                "key": "Authorization",
                "value": "Bearer {{token}}"
              }
            ],
            "url": {
              "raw": "{{baseUrl}}/api/auth/me",
              "host": ["{{baseUrl}}"],
              "path": ["api", "auth", "me"]
            }
          }
        },
        {
          "name": "Refresh Token",
          "request": {
            "method": "POST",
            "header": [],
            "body": {
              "mode": "raw",
              "raw": "{\n  \"refreshToken\": \"{{refreshToken}}\"\n}",
              "options": {
                "raw": {
                  "language": "json"
                }
              }
            },
            "url": {
              "raw": "{{baseUrl}}/api/auth/refresh",
              "host": ["{{baseUrl}}"],
              "path": ["api", "auth", "refresh"]
            }
          }
        }
      ]
    },
    {
      "name": "Plots",
      "item": [
        {
          "name": "Get All Plots",
          "request": {
            "method": "GET",
            "header": [],
            "url": {
              "raw": "{{baseUrl}}/api/plots?projectId=&status=available&page=1&limit=20",
              "host": ["{{baseUrl}}"],
              "path": ["api", "plots"],
              "query": [
                {
                  "key": "projectId",
                  "value": ""
                },
                {
                  "key": "status",
                  "value": "available"
                },
                {
                  "key": "page",
                  "value": "1"
                },
                {
                  "key": "limit",
                  "value": "20"
                }
              ]
            }
          }
        },
        {
          "name": "Get Single Plot",
          "request": {
            "method": "GET",
            "header": [],
            "url": {
              "raw": "{{baseUrl}}/api/plots/:id",
              "host": ["{{baseUrl}}"],
              "path": ["api", "plots", ":id"],
              "variable": [
                {
                  "key": "id",
                  "value": "plot-id-here"
                }
              ]
            }
          }
        },
        {
          "name": "Create Plot",
          "request": {
            "method": "POST",
            "header": [
              {
                "key": "Authorization",
                "value": "Bearer {{token}}"
              }
            ],
            "body": {
              "mode": "raw",
              "raw": "{\n  \"projectId\": \"project-id\",\n  \"plotNo\": \"PL-001\",\n  \"sizeMarla\": 10,\n  \"block\": \"Block A\",\n  \"phase\": \"Phase 1\",\n  \"price\": 5000000,\n  \"status\": \"available\"\n}",
              "options": {
                "raw": {
                  "language": "json"
                }
              }
            },
            "url": {
              "raw": "{{baseUrl}}/api/plots",
              "host": ["{{baseUrl}}"],
              "path": ["api", "plots"]
            }
          }
        },
        {
          "name": "Assign Buyer",
          "request": {
            "method": "POST",
            "header": [
              {
                "key": "Authorization",
                "value": "Bearer {{token}}"
              }
            ],
            "body": {
              "mode": "raw",
              "raw": "{\n  \"buyerId\": \"buyer-user-id\"\n}",
              "options": {
                "raw": {
                  "language": "json"
                }
              }
            },
            "url": {
              "raw": "{{baseUrl}}/api/plots/:id/assign-buyer",
              "host": ["{{baseUrl}}"],
              "path": ["api", "plots", ":id", "assign-buyer"],
              "variable": [
                {
                  "key": "id",
                  "value": "plot-id"
                }
              ]
            }
          }
        }
      ]
    },
    {
      "name": "Projects",
      "item": [
        {
          "name": "Get All Projects",
          "request": {
            "method": "GET",
            "header": [],
            "url": {
              "raw": "{{baseUrl}}/api/projects",
              "host": ["{{baseUrl}}"],
              "path": ["api", "projects"]
            }
          }
        },
        {
          "name": "Create Project",
          "request": {
            "method": "POST",
            "header": [
              {
                "key": "Authorization",
                "value": "Bearer {{token}}"
              }
            ],
            "body": {
              "mode": "raw",
              "raw": "{\n  \"name\": \"New Project\",\n  \"code\": \"NP-001\",\n  \"location\": {\n    \"city\": \"Lahore\",\n    \"area\": \"DHA\"\n  },\n  \"totalAreaMarla\": 1000,\n  \"status\": \"planning\"\n}",
              "options": {
                "raw": {
                  "language": "json"
                }
              }
            },
            "url": {
              "raw": "{{baseUrl}}/api/projects",
              "host": ["{{baseUrl}}"],
              "path": ["api", "projects"]
            }
          }
        }
      ]
    },
    {
      "name": "Commissions",
      "item": [
        {
          "name": "Calculate Commission",
          "request": {
            "method": "POST",
            "header": [
              {
                "key": "Authorization",
                "value": "Bearer {{token}}"
              }
            ],
            "body": {
              "mode": "raw",
              "raw": "{\n  \"plotId\": \"plot-id\",\n  \"agentId\": \"agent-id\",\n  \"salePrice\": 5000000\n}",
              "options": {
                "raw": {
                  "language": "json"
                }
              }
            },
            "url": {
              "raw": "{{baseUrl}}/api/commissions/calculate",
              "host": ["{{baseUrl}}"],
              "path": ["api", "commissions", "calculate"]
            }
          }
        }
      ]
    },
    {
      "name": "Health Check",
      "request": {
        "method": "GET",
        "header": [],
        "url": {
          "raw": "{{baseUrl}}/health",
          "host": ["{{baseUrl}}"],
          "path": ["health"]
        }
      }
    }
  ]
}

